Question,Clip,YouTube video ID,Start at (sec),Length (sec),Direct link,Description
1,1,aeeSiefVY9E,141,10,https://www.youtube.com/watch?v=aeeSiefVY9E&start=141&end=151,Clyde Smith
1,2,bE7X7Pr3zp4,7,8,https://www.youtube.com/watch?v=bE7X7Pr3zp4&start=7&end=15,Big Homie Arn
1,3,owa-xGVLaxA,9,10,https://www.youtube.com/watch?v=owa-xGVLaxA&start=9&end=19,Wrestlemania 20
1,4,AiHZJ1SU81g,9,11,https://www.youtube.com/watch?v=AiHZJ1SU81g&start=9&end=20,Brossface Brippler
1,5,1HkauyhaTX4,149,10,https://www.youtube.com/watch?v=1HkauyhaTX4&start=149&end=159,Buck 50
1,6,HqEcoZWFPW0,78,10,https://www.youtube.com/watch?v=HqEcoZWFPW0&start=78&end=88,Mighty Healthy
,,,,,,
2,1,92tACN9MUC0,40,11,https://www.youtube.com/watch?v=92tACN9MUC0&start=40&end=51,Am I Dreaming by Yukari
2,2,_R1jDGzUbpU,137,13,https://www.youtube.com/watch?v=_R1jDGzUbpU&start=137&end=150,Haenim by Kim Jung Mi
2,3,SlbVgjFvE3I,191,11,https://www.youtube.com/watch?v=SlbVgjFvE3I&start=191&end=202,It Makes You Forget (Itgehane) by Peggy Gou
2,4,VSuEYuQk278,0,11,https://www.youtube.com/watch?v=VSuEYuQk278&start=0&end=11,Excuse by Parannoul
2,5,_3T8KznhThQ,42,13,https://www.youtube.com/watch?v=_3T8KznhThQ&start=42&end=55,Raingurl by Yaeji
2,6,x8xJWnKZXaU,98,12,https://www.youtube.com/watch?v=x8xJWnKZXaU&start=98&end=110,Gameun Duet by Mid-Air Thief
,,,,,,
3,1,enSD9_UU22A,0,11,https://www.youtube.com/watch?v=enSD9_UU22A&start=0&end=11,30 Minutes
3,2,mAH0iuua-qI,32,10,https://www.youtube.com/watch?v=mAH0iuua-qI&start=32&end=42,How Soon is Now
3,3,pF1pKFiGXYw,139,9,https://www.youtube.com/watch?v=pF1pKFiGXYw&start=139&end=148,"Ne Ver', Ne Boisya, Ne Prosi"
3,4,11dGxhtK-pA,231,10,https://www.youtube.com/watch?v=11dGxhtK-pA&start=231&end=241,Not Gonna Get Us
3,5,6yP4Nm86yk0,28,10,https://www.youtube.com/watch?v=6yP4Nm86yk0&start=28&end=38,All About Us
3,6,8mGBaXPlri8,64,9,https://www.youtube.com/watch?v=8mGBaXPlri8&start=64&end=73,All the Things She Said
,,,,,,
4,1,n_exLvsaBNU,0,10,https://www.youtube.com/watch?v=n_exLvsaBNU&start=0&end=10,My Alphabet
4,2,SaagxuPzVJo,13,9,https://www.youtube.com/watch?v=SaagxuPzVJo&start=13&end=22,Bonus Track
4,3,pezOZCkXLrQ,221,11,https://www.youtube.com/watch?v=pezOZCkXLrQ&start=221&end=232,Since '84
4,4,HbiFPL-E85Y,0,10,https://www.youtube.com/watch?v=HbiFPL-E85Y&start=0&end=10,The Genie of the Lamp
4,5,6vE6oUc0t4o,19,11,https://www.youtube.com/watch?v=6vE6oUc0t4o&start=19&end=30,Feelin' Myself
4,6,PPOq52RnKtk,57,11,https://www.youtube.com/watch?v=PPOq52RnKtk&start=57&end=68,Get Stupid
,,,,,,
5,1,FlMUxTFclvI,0,10,https://www.youtube.com/watch?v=FlMUxTFclvI&start=0&end=10,"""Cry Theme"" by Klein"
5,2,ZF2lZesYZo0,207,11,https://www.youtube.com/watch?v=ZF2lZesYZo0&start=207&end=218,"""Kathy Lee"" by Jessy Lanza"
5,3,2nC-N9qPDsw,53,10,https://www.youtube.com/watch?v=2nC-N9qPDsw&start=53&end=63,"""9 Samurai"" by Kode9 and the Spaceape"
5,4,CRw9q6TE2YI,84,11,https://www.youtube.com/watch?v=CRw9q6TE2YI&start=84&end=95,"""Claustro"" by Burial"
5,5,hwmaDg75MIc,21,10,https://www.youtube.com/watch?v=hwmaDg75MIc&start=21&end=31,"""Drank, Kush, Barz"" by DJ Rashad ft. Spinn"
5,6,E2qLD9c3Gq4,33,10,https://www.youtube.com/watch?v=E2qLD9c3Gq4&start=33&end=43,"""Archangel"" by Burial"
,,,,,,
6,1,3LX-3Iusy-0,0,9,https://www.youtube.com/watch?v=3LX-3Iusy-0&start=0&end=9,"""Breakfast at Bradenham Woods"" by Molly Drake"
6,2,ZYo2ryZ3wUs,23,12,https://www.youtube.com/watch?v=ZYo2ryZ3wUs&start=23&end=35,"""I Remember"" by Molly Drake"
6,3,kZj-o42szuk,161,10,https://www.youtube.com/watch?v=kZj-o42szuk&start=161&end=171,"""Bryter Layter"" by Nick Drake"
6,4,0pO1bM_-wR0,18,10,https://www.youtube.com/watch?v=0pO1bM_-wR0&start=18&end=28,"""Saturday Sun"" by Nick Drake"
6,5,S3jCFeCtSjk,194,11,https://www.youtube.com/watch?v=S3jCFeCtSjk&start=194&end=205,"""Northern Sky"" by Nick Drake"
6,6,0VTYqfEXL7Y,41,10,https://www.youtube.com/watch?v=0VTYqfEXL7Y&start=41&end=51,"""Pink Moon"" by Nick Drake"
,,,,,,
7,1,wFQpi_8uJys,42,10,https://www.youtube.com/watch?v=wFQpi_8uJys&start=42&end=52,Born 2 Die by Moodymann
7,2,oQGMKN-Dp9s,2,10,https://www.youtube.com/watch?v=oQGMKN-Dp9s&start=2&end=12,Sloppy Cosmic by Moodymann
7,3,jiXpufDa45w,66,10,https://www.youtube.com/watch?v=jiXpufDa45w&start=66&end=76,Riley's Song by Moodymann
7,4,BnvgIono69A,105,12,https://www.youtube.com/watch?v=BnvgIono69A&start=105&end=117,I'm Doing Fine by Moodymann ft. Amp Dog Knight
7,5,3121tE0IQI8,24,9,https://www.youtube.com/watch?v=3121tE0IQI8&start=24&end=33,Freeki Muthafucker by Moodymann
7,6,iX8X9RIO_cI,48,10,https://www.youtube.com/watch?v=iX8X9RIO_cI&start=48&end=58,Lyk U Use 2 by Moodymann ft. Andres
,,,,,,
9,1,lYipMv5CgMo,247,10,https://www.youtube.com/watch?v=lYipMv5CgMo&start=247&end=257,Bustin' Loose by Chuck Brown and the Soul Searchers
9,2,L58M8h9g1X8,53,10,https://www.youtube.com/watch?v=L58M8h9g1X8&start=53&end=63,Like That by Shy Glizzy ft. Jeremih & Ty Dolla Sign
9,3,YekncNouZZA,66,10,https://www.youtube.com/watch?v=YekncNouZZA&start=66&end=76,(Doin') Da Butt by E.U.
9,4,SgVbJ47B1AM,2,12,https://www.youtube.com/watch?v=SgVbJ47B1AM&start=2&end=14,The Opening Title Sequence by Wale
9,5,nhNqbe6QENY,64,13,https://www.youtube.com/watch?v=nhNqbe6QENY&start=64&end=77,Crew by GoldLink ft. Brent Faiyaz & Shy Glizzy
9,6,o5TmORitlKk,99,10,https://www.youtube.com/watch?v=o5TmORitlKk&start=99&end=109,What's Going On by Marvin Gaye
,,,,,,
10,1,vambhKG1m6E,0,10,https://www.youtube.com/watch?v=vambhKG1m6E&start=0&end=10,"""It's For You"" by Cilla Black"
10,2,CzYK2U1xhmU,0,10,https://www.youtube.com/watch?v=CzYK2U1xhmU&start=0&end=10,"""Hello Little Girl"" by The Fourmost"
10,3,Be4isUx3tEo,0,10,https://www.youtube.com/watch?v=Be4isUx3tEo&start=0&end=10,"""Bad to Me"" by Billy J. Kramer & The Dakotas"
10,4,ke4hgo43JGc,26,10,https://www.youtube.com/watch?v=ke4hgo43JGc&start=26&end=36,"""A World Without Love"" by Peter & Gordon"
10,5,fn0fHHGKRZU,6,10,https://www.youtube.com/watch?v=fn0fHHGKRZU&start=6&end=16,"""I Wanna Be Your Man"" by The Rolling Stones"
10,6,nGbWU8S3vzs,0,10,https://www.youtube.com/watch?v=nGbWU8S3vzs&start=0&end=10,"""She Loves You"" by the Beatles"
,,,,,,
11,1,8zQDcSLmB34,42,10,https://www.youtube.com/watch?v=8zQDcSLmB34&start=42&end=52,"""It Might as Well Be Spring"" by Jimmy Smith"
11,2,I7aHTizZWFU,50,12,https://www.youtube.com/watch?v=I7aHTizZWFU&start=50&end=62,"""Spring Can Really Hang You Up the Most"" by Stanley Turrentine"
11,3,yi1_-XK4pGs,35,10,https://www.youtube.com/watch?v=yi1_-XK4pGs&start=35&end=45,"""Up Jumped Spring"" by Art Blakey & The Messengers"
11,4,dnK6OHPQZbA,48,10,https://www.youtube.com/watch?v=dnK6OHPQZbA&start=48&end=58,"""Joy Spring"" by Clifford Brown"
11,5,dnK6OHPQZbA,6,12,https://www.youtube.com/watch?v=dnK6OHPQZbA&start=6&end=18,"""Joy Spring"" by Clifford Brown"
11,6,-ml3mkaxMZU,1074,10,https://www.youtube.com/watch?v=-ml3mkaxMZU&start=1074&end=1084,"""The Rite of Spring"" by Takashi Inomata Group"
,,,,,,
12,1,2AbuLKs1Ka0,0,10,https://www.youtube.com/watch?v=2AbuLKs1Ka0&start=0&end=10,"""Conception"" by Black Thought"
12,2,K9F5xcpjDMU,30,10,https://www.youtube.com/watch?v=K9F5xcpjDMU&start=30&end=40,"""The Choice is Yours"" by Black Sheep"
12,3,DPuCpt2kYUs,22,10,https://www.youtube.com/watch?v=DPuCpt2kYUs&start=22&end=32,"""Who Got Da Props?"" by Black Moon"
12,4,XPcdO9CFhWI,0,10,https://www.youtube.com/watch?v=XPcdO9CFhWI&start=0&end=10,"""Brown Skin Lady"" by Black Star"
12,5,JW4Tm5wWW34,5,10,https://www.youtube.com/watch?v=JW4Tm5wWW34&start=5&end=15,"""Thieves in the Night"" by Black Star"
12,6,uwXqXxDtFYg,50,10,https://www.youtube.com/watch?v=uwXqXxDtFYg&start=50&end=60,"""Definition"" by Black Star"
,,,,,,
13,1,QW3WlCANMZw,47,10,https://www.youtube.com/watch?v=QW3WlCANMZw&start=47&end=57,"""Ease My Revolutionary Mind"" by Tom Morello"
13,2,CfqjbpJ-IkI,20,8,https://www.youtube.com/watch?v=CfqjbpJ-IkI&start=20&end=28,"""Pastures of Plenty"" by Odetta"
13,3,_HCueUbLIAU,112,13,https://www.youtube.com/watch?v=_HCueUbLIAU&start=112&end=125,"""Deportees"" by Arlo Guthrie"
13,4,8MS9QZBx-s4,151,10,https://www.youtube.com/watch?v=8MS9QZBx-s4&start=151&end=161,"""Hobo's Lullaby"" by Pete Seeger"
13,5,aKDzSPIJaKY,22,10,https://www.youtube.com/watch?v=aKDzSPIJaKY&start=22&end=32,"""This Train is Bound For Glory"" by Old Crow Medicine Show"
13,6,LkQzsDav-oI,74,13,https://www.youtube.com/watch?v=LkQzsDav-oI&start=74&end=87,"""This Land is Your Land"" by Bruce Springsteen"
,,,,,,
14,1,cUcj_vPwkEI,0,10,https://www.youtube.com/watch?v=cUcj_vPwkEI&start=0&end=10,"""Dig"""
14,2,Z23C9w0mUXw,177,10,https://www.youtube.com/watch?v=Z23C9w0mUXw&start=177&end=187,"""Four"""
14,3,SosCIFyrRH4,0,10,https://www.youtube.com/watch?v=SosCIFyrRH4&start=0&end=10,"""Gone"""
14,4,4WjU4eXYWg4,0,10,https://www.youtube.com/watch?v=4WjU4eXYWg4&start=0&end=10,"""Move"""
14,5,ygc5nXlgLkQ,34,10,https://www.youtube.com/watch?v=ygc5nXlgLkQ&start=34&end=44,"""Someday My Prince Will Come"""
14,6,ZZcuSBouhVA,7,13,https://www.youtube.com/watch?v=ZZcuSBouhVA&start=7&end=20,"""Freddie Freeloader"""
,,,,,,
16,1,bxoTw3uHyF4,0,10,https://www.youtube.com/watch?v=bxoTw3uHyF4&start=0&end=10,"""Maombi"" by Nadia Mukami"
16,2,LZq736hmyyo,81,10,https://www.youtube.com/watch?v=LZq736hmyyo&start=81&end=91,"""Kijiti"" by Bi Kidude"
16,3,RBv6SZhtmQ0,6,10,https://www.youtube.com/watch?v=RBv6SZhtmQ0&start=6&end=16,"""Inama"" by Diamond Platinumz ft. Fally Ipupa"
16,4,NIo74zd6Nn4,49,11,https://www.youtube.com/watch?v=NIo74zd6Nn4&start=49&end=60,"""Amina"" by Sanaipai Tande"
16,5,3wRrW7AAeh8,0,10,https://www.youtube.com/watch?v=3wRrW7AAeh8&start=0&end=10,"""Jambo Bwana"" by Them Mushrooms"
16,6,IJiHDmyhE1A,21,10,https://www.youtube.com/watch?v=IJiHDmyhE1A&start=21&end=31,"""Baba Yetu"" by Christopher Tin"
,,,,,,
17,1,RsB_Q_RLFmc,0,10,https://www.youtube.com/watch?v=RsB_Q_RLFmc&start=0&end=10,"""Was it 26"""
17,2,ZlOE_DMTlFs,102,10,https://www.youtube.com/watch?v=ZlOE_DMTlFs&start=102&end=112,"""Arkansas"""
17,3,w6XV5c0-eYw,16,10,https://www.youtube.com/watch?v=w6XV5c0-eYw&start=16&end=26,"""Nobody to Blame"""
17,4,8e7S8l4s1OM,1,10,https://www.youtube.com/watch?v=8e7S8l4s1OM&start=1&end=11,"""You Should Probably Leave"""
17,5,sI0TeFf6uD8,0,10,https://www.youtube.com/watch?v=sI0TeFf6uD8&start=0&end=10,"""Broken Halos"""
17,6,4zAThXFOy2c,132,10,https://www.youtube.com/watch?v=4zAThXFOy2c&start=132&end=142,"""Tennessee Whiskey"""
,,,,,,
18,1,,,,,
18,2,8twpQTna_9w,0,10,https://www.youtube.com/watch?v=8twpQTna_9w&start=0&end=10,"""I Wanna Get Better"" by Bleachers"
18,3,,,,,
18,4,PReSQYTFvcs,38,10,https://www.youtube.com/watch?v=PReSQYTFvcs&start=38&end=48,"""Better Man"" by Taylor Swift"
18,5,nDK-wsdEhNE,56,12,https://www.youtube.com/watch?v=nDK-wsdEhNE&start=56&end=68,"""Better Man"" by Pearl Jam"
18,6,2SUwOgmvzK4,45,10,https://www.youtube.com/watch?v=2SUwOgmvzK4&start=45&end=55,"""The Less I Know the Better"" by Tame Impala"
,,,,,,
19,1,,,,,
19,2,,,,,
19,3,,,,,
19,4,,,,,
19,5,,,,,
19,6,,,,,
,,,,,,
20,1,RDPNGX6UMl8,0,9,https://www.youtube.com/watch?v=RDPNGX6UMl8&start=0&end=9,Animal
20,2,HRQsMCk1PpI,0,12,https://www.youtube.com/watch?v=HRQsMCk1PpI&start=0&end=12,Backstabber
20,3,1bMxtt_JDZc,0,9,https://www.youtube.com/watch?v=1bMxtt_JDZc&start=0&end=9,Party at a Rich Dude's House
20,4,2Y-8zQp6a9g,108,10,https://www.youtube.com/watch?v=2Y-8zQp6a9g&start=108&end=118,Blah Blah Blah
20,5,QR_qa3Ohwls,16,10,https://www.youtube.com/watch?v=QR_qa3Ohwls&start=16&end=26,Your Love is My Drug
20,6,iP6XpLQM2Cs,10,10,https://www.youtube.com/watch?v=iP6XpLQM2Cs&start=10&end=20,Tik Tok
,,,,,,
21,1,bosDiryecN0,14,10,https://www.youtube.com/watch?v=bosDiryecN0&start=14&end=24,Alvin Zhou background music
21,2,axYdo7cH-Co,4,7,https://www.youtube.com/watch?v=axYdo7cH-Co&start=4&end=11,The Burger Show theme
21,3,3f0vm1k2SmI,8,11,https://www.youtube.com/watch?v=3f0vm1k2SmI&start=8&end=19,Joshua Weissman music
21,4,dVCYAqcTvVc,45,12,https://www.youtube.com/watch?v=dVCYAqcTvVc&start=45&end=57,Dessert Person theme
21,5,CqknLVXzm7A,17,10,https://www.youtube.com/watch?v=CqknLVXzm7A&start=17&end=27,Binging with Babish music
21,6,XY-hOqcPGCY,29,10,https://www.youtube.com/watch?v=XY-hOqcPGCY&start=29&end=39,Gourmet Makes drum sound into Claire Saffitz talking
,,,,,,
22,1,Y62RDtuDX2w,95,10,https://www.youtube.com/watch?v=Y62RDtuDX2w&start=95&end=105,Loose Change by The Alchemist ft. Earl Sweatshirt
22,2,GD6xO9Iyd3Y,3,10,https://www.youtube.com/watch?v=GD6xO9Iyd3Y&start=3&end=13,Falling Out the Sky by Armand Hammer ft. Earl Sweatshirt
22,3,18ZXRPZaTyw,11,11,https://www.youtube.com/watch?v=18ZXRPZaTyw&start=11&end=22,Allstar by MIKE ft. Earl Sweatshirt
22,4,1FS35SshVxQ,5,10,https://www.youtube.com/watch?v=1FS35SshVxQ&start=5&end=15,Between Friends by Captain Murphy ft. Earl Sweatshirt
22,5,OVIZPh4kOPM,104,11,https://www.youtube.com/watch?v=OVIZPh4kOPM&start=104&end=115,"AssMilk by Tyler, the Creator ft. Earl Sweatshirt"
22,6,0XCQNpjWmRE,145,13,https://www.youtube.com/watch?v=0XCQNpjWmRE&start=145&end=158,Super Rich Kids by Frank Ocean ft. Earl Sweatshirt
,,,,,,
23,1,XspEQi7q884,107,10,https://www.youtube.com/watch?v=XspEQi7q884&start=107&end=117,The Hour by Jasmine Star
23,2,__Z4jDgOFTA,69,11,https://www.youtube.com/watch?v=__Z4jDgOFTA&start=69&end=80,Reality Check by Binary Star
23,3,qmj1q67NDAk,58,10,https://www.youtube.com/watch?v=qmj1q67NDAk&start=58&end=68,Full Clip by Gang Starr
23,4,IhDKHo2wapM,13,10,https://www.youtube.com/watch?v=IhDKHo2wapM&start=13&end=23,Photograph by Ringo Starr
23,5,pte3Jg-2Ax4,125,10,https://www.youtube.com/watch?v=pte3Jg-2Ax4&start=125&end=135,Thirteen by Big Star
23,6,eTWGgXvJZl0,86,14,https://www.youtube.com/watch?v=eTWGgXvJZl0&start=86&end=100,Fade Into You by Mazzy Star
,,,,,,
24,1,ZJ_BOnPg02A,74,10,https://www.youtube.com/watch?v=ZJ_BOnPg02A&start=74&end=84,Exodus From The Underground Fortress
24,2,iZYKOll6G7M,160,11,https://www.youtube.com/watch?v=iZYKOll6G7M&start=160&end=171,Doll's Polyphony
24,3,YKvtbH8qUWU,253,10,https://www.youtube.com/watch?v=YKvtbH8qUWU&start=253&end=263,Requiem
24,4,-q4w2QHL8oA,85,9,https://www.youtube.com/watch?v=-q4w2QHL8oA&start=85&end=94,Winds Over Neo-Tokyo
24,5,_KvseLO2apA,42,10,https://www.youtube.com/watch?v=_KvseLO2apA&start=42&end=52,Battle Against Clown
24,6,CAjtimRClYU,88,10,https://www.youtube.com/watch?v=CAjtimRClYU&start=88&end=98,Kaneda
,,,,,,
25,1,vDUkFJM0hjo,109,12,https://www.youtube.com/watch?v=vDUkFJM0hjo&start=109&end=121,Chicken Wings by Samm Henshaw
25,2,WJTXDCh2YiA,77,10,https://www.youtube.com/watch?v=WJTXDCh2YiA&start=77&end=87,Wings by Birdy
25,3,cOQDsmEqVt8,36,12,https://www.youtube.com/watch?v=cOQDsmEqVt8&start=36&end=48,Wings by Little Mix
25,4,_O1qD95xnao,81,10,https://www.youtube.com/watch?v=_O1qD95xnao&start=81&end=91,Wings by Mac Miller
25,5,gAg3uMlNyHA,195,10,https://www.youtube.com/watch?v=gAg3uMlNyHA&start=195&end=205,Wing$ by Macklemore and Ryan Lewis (rap)
25,6,gAg3uMlNyHA,252,9,https://www.youtube.com/watch?v=gAg3uMlNyHA&start=252&end=261,Wing$ by Macklemore and Ryan Lewis (chorus)
,,,,,,
26,1,BsZD-MBRMU0,15,10,https://www.youtube.com/watch?v=BsZD-MBRMU0&start=15&end=25,I'm Happy
26,2,xJWxkYu8WgU,611,11,https://www.youtube.com/watch?v=xJWxkYu8WgU&start=611&end=622,Fast Car
26,3,nOCuE_OLyr8,152,10,https://www.youtube.com/watch?v=nOCuE_OLyr8&start=152&end=162,Halfway to a Threeway
26,4,9qA9rAaeEOs,169,9,https://www.youtube.com/watch?v=9qA9rAaeEOs&start=169&end=178,Friends with Benefits
26,5,qNMVaY9ZRpM,81,11,https://www.youtube.com/watch?v=qNMVaY9ZRpM&start=81&end=92,Insignificance
26,6,qgZMtz_7HcE,353,13,https://www.youtube.com/watch?v=qgZMtz_7HcE&start=353&end=366,Prelude to 110 or 220 / Women of the World
,,,,,,
27,1,ZbkRtXUUmag,80,9,https://www.youtube.com/watch?v=ZbkRtXUUmag&start=80&end=89,Undergrads theme
27,2,wtytbh50ChQ,20,12,https://www.youtube.com/watch?v=wtytbh50ChQ&start=20&end=32,Aeon Flux intro
27,3,t4tRRGpZ-MI,13,10,https://www.youtube.com/watch?v=t4tRRGpZ-MI&start=13&end=23,Wonder Showzen intro
27,4,thNgMpyMVUQ,0,11,https://www.youtube.com/watch?v=thNgMpyMVUQ&start=0&end=11,Clone High Theme by Drowning Pools
27,5,h-EHnZ7QDkQ,135,10,https://www.youtube.com/watch?v=h-EHnZ7QDkQ&start=135&end=145,You're Standing On My Neck by Splendora (Daria Theme)
27,6,OhYCfv2TuDQ,16,10,https://www.youtube.com/watch?v=OhYCfv2TuDQ&start=16&end=26,Beavis and Butthead Intro
,,,,,,
28,1,UHleIUo4dBk,4,10,https://www.youtube.com/watch?v=UHleIUo4dBk&start=4&end=14,Comin' Right Up
28,2,3v6pBscvuZI,40,11,https://www.youtube.com/watch?v=3v6pBscvuZI&start=40&end=51,Secret Agent Man / James Bond Is Back
28,3,p_t4HJzyX5k,22,10,https://www.youtube.com/watch?v=p_t4HJzyX5k&start=22&end=32,Soul Shake
28,4,1Ml0acyrMGc,17,10,https://www.youtube.com/watch?v=1Ml0acyrMGc&start=17&end=27,Save the Last Dance for Me
28,5,4hv9lWiiVg4,48,10,https://www.youtube.com/watch?v=4hv9lWiiVg4&start=48&end=58,Under the Boardwalk
28,6,UTIjgkp0Xws,71,13,https://www.youtube.com/watch?v=UTIjgkp0Xws&start=71&end=84,Respect Yourself
,,,,,,
29,1,VPiYR4hoH1g,11,10,https://www.youtube.com/watch?v=VPiYR4hoH1g&start=11&end=21,Love Songs (Love is a Many Razor Bladed Thing)
29,2,j61JEBFADbo,0,12,https://www.youtube.com/watch?v=j61JEBFADbo&start=0&end=12,Medical Service
29,3,T-kLjcQ6aY4,6,12,https://www.youtube.com/watch?v=T-kLjcQ6aY4&start=6&end=18,"Astro Age Steel Orchestra plays ""Look for a Star"""
29,4,BFRE69vLX1I,17,11,https://www.youtube.com/watch?v=BFRE69vLX1I&start=17&end=28,"Auntie Kim Sings ""Now That You've Gone"""
29,5,FT5BlCZsiCQ,13,10,https://www.youtube.com/watch?v=FT5BlCZsiCQ&start=13&end=23,Time and Space
29,6,wkrz6SZF3wo,14,10,https://www.youtube.com/watch?v=wkrz6SZF3wo&start=14&end=24,Doopee Time
,,,,,,
30,1,Oqn4Gq0b1PQ,151,10,https://www.youtube.com/watch?v=Oqn4Gq0b1PQ&start=151&end=161,I See It Too by The Brave Little Abacus
30,2,SXJGTnVfJic,48,11,https://www.youtube.com/watch?v=SXJGTnVfJic&start=48&end=59,I See a Dreamer by Dream Team
30,3,WSyKQcDnczE,31,10,https://www.youtube.com/watch?v=WSyKQcDnczE&start=31&end=41,I See the Want in Your Eyes by Conway Twitty
30,4,fCjQ-Z9cZTc,21,9,https://www.youtube.com/watch?v=fCjQ-Z9cZTc&start=21&end=30,I See You by Little Simz
30,5,YmFynsUrSz0,181,10,https://www.youtube.com/watch?v=YmFynsUrSz0&start=181&end=191,I See a Darkness by Bonnie Prince Billy
30,6,2fngvQS_PmQ,94,12,https://www.youtube.com/watch?v=2fngvQS_PmQ&start=94&end=106,I See Fire by Ed Sheeran (I have no idea if this is a giveaway)
,,,,,,
31,1,6p5HJG6vU3k,663,10,https://www.youtube.com/watch?v=6p5HJG6vU3k&start=663&end=673,Panorama
31,2,rxUvMl_IxoQ,0,10,https://www.youtube.com/watch?v=rxUvMl_IxoQ&start=0&end=10,Sferics
31,3,jC9Qr29IrsU,286,10,https://www.youtube.com/watch?v=jC9Qr29IrsU&start=286&end=296,Nothing is Real
31,4,dwE4Jwk_zeI,96,10,https://www.youtube.com/watch?v=dwE4Jwk_zeI&start=96&end=106,Music on a Long Thin Wire
31,5,fAxHlLK3Oyk,820,10,https://www.youtube.com/watch?v=fAxHlLK3Oyk&start=820&end=830,I Am Sitting in a Room
31,6,v9XJWBZBzq4,45,10,https://www.youtube.com/watch?v=v9XJWBZBzq4&start=45&end=55,I Am Sitting in a Room intro
,,,,,,
32,1,EtgenlWm-_0,7,10,https://www.youtube.com/watch?v=EtgenlWm-_0&start=7&end=17,Yassassin
32,2,9Ssw6_NMlS0,193,10,https://www.youtube.com/watch?v=9Ssw6_NMlS0&start=193&end=203,Red Sails
32,3,IAoaWbm27E4,153,10,https://www.youtube.com/watch?v=IAoaWbm27E4&start=153&end=163,Fantastic Voyage
32,4,eszZfu_1JM0,5,10,https://www.youtube.com/watch?v=eszZfu_1JM0&start=5&end=15,Look Back in Anger
32,5,MRRmU_pOXnk,2,10,https://www.youtube.com/watch?v=MRRmU_pOXnk&start=2&end=12,DJ
32,6,2KcOs70dZAw,8,10,https://www.youtube.com/watch?v=2KcOs70dZAw&start=8&end=18,Boys Keep Swinging
,,,,,,
33,1,m47B2AaqTEQ,107,10,https://www.youtube.com/watch?v=m47B2AaqTEQ&start=107&end=117,Whistling in the Dark by Dolly Mixture
33,2,2LJjtyNnOWc,107,10,https://www.youtube.com/watch?v=2LJjtyNnOWc&start=107&end=117,In the Dark by Swae Lee ft. Jhene Aiko
33,3,6Qlz_Y4R4ok,100,11,https://www.youtube.com/watch?v=6Qlz_Y4R4ok&start=100&end=111,In the Dark by Tiesto
33,4,mgEixhE3Oms,186,11,https://www.youtube.com/watch?v=mgEixhE3Oms&start=186&end=197,In the Dark by Dev
33,5,K3Qzzggn--s,61,10,https://www.youtube.com/watch?v=K3Qzzggn--s&start=61&end=71,Slow Dancing in the Dark by Joji
33,6,129kuDCQtHs,39,11,https://www.youtube.com/watch?v=129kuDCQtHs&start=39&end=50,Dancing in the Dark by Bruce Springsteen
,,,,,,
34,1,,,,,
34,2,,,,,
34,3,,,,,
34,4,,,,,
34,5,,,,,
34,6,9VH6yD8zobM,20,10,https://www.youtube.com/watch?v=9VH6yD8zobM&start=20&end=30,Love Rollercoaster by 
,,,,,,
35,1,1Ih2NmecHK0,62,10,https://www.youtube.com/watch?v=1Ih2NmecHK0&start=62&end=72,Do I Love You? by Russell Malone
35,2,f4i2ix3BwEs,10,8,https://www.youtube.com/watch?v=f4i2ix3BwEs&start=10&end=18,Do I Love You? by Phil Collins
35,3,JDrxgAcfhhk,29,12,https://www.youtube.com/watch?v=JDrxgAcfhhk&start=29&end=41,Do I Love You? by Lady Gaga
35,4,Y9GKNbNSpM8,54,12,https://www.youtube.com/watch?v=Y9GKNbNSpM8&start=54&end=66,Do I Love You? by Ella Fitzgerald
35,5,SkwXQD3mJjI,108,10,https://www.youtube.com/watch?v=SkwXQD3mJjI&start=108&end=118,Do I Love You? by The Ronettes
35,6,xwvpeYiQwss,35,8,https://www.youtube.com/watch?v=xwvpeYiQwss&start=35&end=43,Do I Love You? (Indeed I Do) by Frank Wilson
,,,,,,
36,1,IN4aFwGy2ck,4,10,https://www.youtube.com/watch?v=IN4aFwGy2ck&start=4&end=14,I'll Rust with You
36,2,05-jeYSPQZ0,0,10,https://www.youtube.com/watch?v=05-jeYSPQZ0&start=0&end=10,"Harder, Better, Faster, Stronger cover"
36,3,gQWY-JOhF2I,199,11,https://www.youtube.com/watch?v=gQWY-JOhF2I&start=199&end=210,Automatonic Electronic Harmonics
36,4,tU-VJOzb-10,11,10,https://www.youtube.com/watch?v=tU-VJOzb-10&start=11&end=21,Diamonds cover
36,5,dDRHx4cPgbE,43,12,https://www.youtube.com/watch?v=dDRHx4cPgbE&start=43&end=55,Brass Goggles
36,6,ojYK6CW8gdw,104,11,https://www.youtube.com/watch?v=ojYK6CW8gdw&start=104&end=115,Honeybee
,,,,,,
37,1,3n5k5PVQbU8,23,10,https://www.youtube.com/watch?v=3n5k5PVQbU8&start=23&end=33,Hard to Get by Katy B
37,2,425bS4ByBik,4,9,https://www.youtube.com/watch?v=425bS4ByBik&start=4&end=13,Katy on a Mission by Katy B
37,3,cJNXXuAxkfk,22,11,https://www.youtube.com/watch?v=cJNXXuAxkfk&start=22&end=33,Lights On by Katy B ft. Ms. Dynamite
37,4,oES929aenGc,6,12,https://www.youtube.com/watch?v=oES929aenGc&start=6&end=18,Broken Record by Katy B
37,5,t5Sd5c4o9UM,216,10,https://www.youtube.com/watch?v=t5Sd5c4o9UM&start=216&end=226,E.T. by Katy Perry ft. Kanye West
37,6,F57P9C4SAW4,0,10,https://www.youtube.com/watch?v=F57P9C4SAW4&start=0&end=10,California Gurls by Katy Perry ft. Snoop Dogg
,,,,,,
38,1,FsrBWcV1Y8Q,556,9,https://www.youtube.com/watch?v=FsrBWcV1Y8Q&start=556&end=565,Teezo Touchdown
38,2,xXr5rfdB8DM,421,11,https://www.youtube.com/watch?v=xXr5rfdB8DM&start=421&end=432,Marc Rebillet
38,3,cMuWw0hPE9w,606,10,https://www.youtube.com/watch?v=cMuWw0hPE9w&start=606&end=616,Joji
38,4,zdGnvQ10TNU,217,11,https://www.youtube.com/watch?v=zdGnvQ10TNU&start=217&end=228,Freddie Gibbs
38,5,GBumhIr8CR8,39,10,https://www.youtube.com/watch?v=GBumhIr8CR8&start=39&end=49,Denzel Curry
38,6,-pypV-JPU1k,17,13,https://www.youtube.com/watch?v=-pypV-JPU1k&start=17&end=30,Zack Fox
,,,,,,
39,1,,,,,
39,2,,,,,
39,3,,,,,
39,4,,,,,
39,5,,,,,
39,6,,,,,
,,,,,,
40,1,,,,,
40,2,,,,,
40,3,,,,,
40,4,,,,,
40,5,,,,,
40,6,,,,,
,,,,,,
41,1,,,,,
41,2,6kduvcqx-BU,3,10,https://www.youtube.com/watch?v=6kduvcqx-BU&start=3&end=13,"""Trouble Man"""
41,3,vA7PdDsK6eM,0,10,https://www.youtube.com/watch?v=vA7PdDsK6eM&start=0&end=10,"""Come Live with Me Angel"""
41,4,,,,,
41,5,,,,,
41,6,,,,,
,,,,,,
42,1,O9eOoKBLTSI,14,10,https://www.youtube.com/watch?v=O9eOoKBLTSI&start=14&end=24,"""La folle complainte"" by Charles Trenet"
42,2,6VwKZam00rM,20,10,https://www.youtube.com/watch?v=6VwKZam00rM&start=20&end=30,"""Que reste-t-il de nos amours?"" by Charles Trenet"
42,3,HwzWR_iNUFQ,0,10,https://www.youtube.com/watch?v=HwzWR_iNUFQ&start=0&end=10,"""Emmenez-moi"" by Charles Aznavour"
42,4,mvN2Cv8uFvM,0,10,https://www.youtube.com/watch?v=mvN2Cv8uFvM&start=0&end=10,"""Je m'voyais déjà"" by Charles Aznavour"
42,5,N73CQmRf1Qk,0,10,https://www.youtube.com/watch?v=N73CQmRf1Qk&start=0&end=10,"""La boheme"" by Charles Aznavour"
42,6,N73CQmRf1Qk,35,10,https://www.youtube.com/watch?v=N73CQmRf1Qk&start=35&end=45,"""La boheme"" by Charles Aznavour"
,,,,,,
43,1,yVSmiDJB-PI,0,9,https://www.youtube.com/watch?v=yVSmiDJB-PI&start=0&end=9,"""Suicide Solution"""
43,2,NZScuQgzgOU,0,10,https://www.youtube.com/watch?v=NZScuQgzgOU&start=0&end=10,"""Spiders"""
43,3,o0RE230PlX4,13,10,https://www.youtube.com/watch?v=o0RE230PlX4&start=13&end=23,"""Mr. Crowley"""
43,4,F89-MOy7Xfg,44,8,https://www.youtube.com/watch?v=F89-MOy7Xfg&start=44&end=52,"""Bark at the Moon"""
43,5,mX_8p7NaibQ,43,12,https://www.youtube.com/watch?v=mX_8p7NaibQ&start=43&end=55,"""No More Tears"""
43,6,tMDFv5m18Pw,67,11,https://www.youtube.com/watch?v=tMDFv5m18Pw&start=67&end=78,"""Crazy Train"""
,,,,,,
44,1,R92GsH5rSSY,41,11,https://www.youtube.com/watch?v=R92GsH5rSSY&start=41&end=52,"""Birthday"" by Destiny's Child"
44,2,RcVZfJO01NI,0,10,https://www.youtube.com/watch?v=RcVZfJO01NI&start=0&end=10,"""Happy Birthday"" by Stevie Wonder"
44,3,rZqd_9sTP3c,21,10,https://www.youtube.com/watch?v=rZqd_9sTP3c&start=21&end=31,"""Birthday"" by The Sugarcubes"
44,4,dhdOPhTHeoE,105,11,https://www.youtube.com/watch?v=dhdOPhTHeoE&start=105&end=116,"""Birthday"" by The Beatles"
44,5,K20GgUH_Q64,4,10,https://www.youtube.com/watch?v=K20GgUH_Q64&start=4&end=14,"""Birthday"" by Katy Perry"
44,6,iOg7VjSEj5w,54,10,https://www.youtube.com/watch?v=iOg7VjSEj5w&start=54&end=64,"""Birthday Sex"" by Jeremih"
,,,,,,
45,1,B-o-_HmlDq0,218,10,https://www.youtube.com/watch?v=B-o-_HmlDq0&start=218&end=228,"""Monkey"" by George Michael"
45,2,yZJaCqrxCT4,41,10,https://www.youtube.com/watch?v=yZJaCqrxCT4&start=41&end=51,"""Monkey Man"" by Rolling Stones"
45,3,aKp5v588-Vs,160,10,https://www.youtube.com/watch?v=aKp5v588-Vs&start=160&end=170,"""Monkey Wrench"" by Foo Fighters"
45,4,acY2VSskD80,0,10,https://www.youtube.com/watch?v=acY2VSskD80&start=0&end=10,"""Brass Monkey"" by Beastie Boys"
45,5,XycBLF6kWuY,52,10,https://www.youtube.com/watch?v=XycBLF6kWuY&start=52&end=62,"""Monkey Gone to Heaven"" by Pixies"
45,6,gADgM89skZQ,44,10,https://www.youtube.com/watch?v=gADgM89skZQ&start=44&end=54,"""Dance Monkey"" by Tones and I"
,,,,,,
46,1,,,,,
46,2,,,,,
46,3,,,,,
46,4,,,,,
46,5,,,,,
46,6,,,,,
,,,,,,
47,1,,,,,
47,2,,,,,
47,3,,,,,
47,4,,,,,
47,5,,,,,
47,6,,,,,
,,,,,,
48,1,,,,,
48,2,,,,,
48,3,,,,,
48,4,,,,,
48,5,,,,,
48,6,,,,,
,,,,,,
49,1,,,,,
49,2,,,,,
49,3,,,,,
49,4,,,,,
49,5,,,,,
49,6,,,,,
,,,,,,
50,1,,,,,
50,2,,,,,
50,3,,,,,
50,4,,,,,
50,5,,,,,
50,6,,,,,
,,,,,,
51,1,B9fk352V5wk,0,7,https://www.youtube.com/watch?v=B9fk352V5wk&start=0&end=7,Hero of the War
51,2,06LMuzmjTJ4,93,10,https://www.youtube.com/watch?v=06LMuzmjTJ4&start=93&end=103,On Your Own Again
51,3,Ju0kOrFjLgE,0,8,https://www.youtube.com/watch?v=Ju0kOrFjLgE&start=0&end=8,Duchess
51,4,xgvU0YI-Ut8,0,9,https://www.youtube.com/watch?v=xgvU0YI-Ut8&start=0&end=9,Angels of Ashes
51,5,J6XPXC-AKZ0,7,13,https://www.youtube.com/watch?v=J6XPXC-AKZ0&start=7&end=20,The Seventh Seal
51,6,9DpDxT2q9QE,63,10,https://www.youtube.com/watch?v=9DpDxT2q9QE&start=63&end=73,The Old Man's Back Again (Dedicated to the Neo-Stalinist Regime)
,,,,,,
52,1,,,,,
52,2,,,,,
52,3,IEEosp5d9UI,128,10,https://www.youtube.com/watch?v=IEEosp5d9UI&start=128&end=138,"""Take Me Away"" by Ween"
52,4,64U-MGPlW7Q,58,12,https://www.youtube.com/watch?v=64U-MGPlW7Q&start=58&end=70,"""Voodoo Lady"" by Ween"
52,5,f7PlSUQiISY,37,10,https://www.youtube.com/watch?v=f7PlSUQiISY&start=37&end=47,"""American Life"" by Primus"
52,6,2qf6rNIDLqY,26,10,https://www.youtube.com/watch?v=2qf6rNIDLqY&start=26&end=36,"""Jerry Was a Racecar Driver"" by Primus"
,,,,,,
53,1,wgP0C-_nb3o,58,12,https://www.youtube.com/watch?v=wgP0C-_nb3o&start=58&end=70,"""A Little White Cross on The Hill"" by Roy Rogers"
53,2,lXUqxQzoHys,54,10,https://www.youtube.com/watch?v=lXUqxQzoHys&start=54&end=64,"""Happy Trails"" by Roy Rogers"
53,3,iulmZAz8XfY,0,10,https://www.youtube.com/watch?v=iulmZAz8XfY&start=0&end=10,"""Kisses Sweeter Than Wine"" by Jimmie Rodgers"
53,4,o8o1D1BP55s,29,10,https://www.youtube.com/watch?v=o8o1D1BP55s&start=29&end=39,"""Ruby, Don't Take Your Love to Town"" by Kenny Rogers"
53,5,BkYihryVnPs,0,10,https://www.youtube.com/watch?v=BkYihryVnPs&start=0&end=10,"""Lady"" by Kenny Rogers"
53,6,jGYJrjwiPC4,135,12,https://www.youtube.com/watch?v=jGYJrjwiPC4&start=135&end=147,"""The Gambler"" by Kenny Rogers"
,,,,,,
54,1,g-5u_LPnyNI,7,10,https://www.youtube.com/watch?v=g-5u_LPnyNI&start=7&end=17,"""When New York Was Irish"" by Paddy Reilly"
54,2,jolqRlA8ptY,30,10,https://www.youtube.com/watch?v=jolqRlA8ptY&start=30&end=40,"""New York"" by U2"
54,3,cK8esayGRE8,31,10,https://www.youtube.com/watch?v=cK8esayGRE8&start=31&end=41,"""New York Girls"" by Irish Rovers"
54,4,MwKNcSRSUnw,30,10,https://www.youtube.com/watch?v=MwKNcSRSUnw&start=30&end=40,"""The Streets of New York"" by Wolfe Tones"
54,5,j9jbdgZidu8,10,10,https://www.youtube.com/watch?v=j9jbdgZidu8&start=10&end=20,"""Fairytale of New York"" by The Pogues"
54,6,j9jbdgZidu8,140,12,https://www.youtube.com/watch?v=j9jbdgZidu8&start=140&end=152,"""Fairytale of New York"" by The Pogues"
,,,,,,
55,1,Q9LyYjpaqYg,0,10,https://www.youtube.com/watch?v=Q9LyYjpaqYg&start=0&end=10,"""Werente Serigne"" by Orchestra Baobab"
55,2,mVuhjsupk1k,33,10,https://www.youtube.com/watch?v=mVuhjsupk1k&start=33&end=43,"""Everything (...is never quiet enough)"" by Wasis Diop"
55,3,HwxFtkXCR4I,19,11,https://www.youtube.com/watch?v=HwxFtkXCR4I&start=19&end=30,"""Immigres/Bitim Rew"" by Youssou N'Dour"
55,4,m4yFmRNcX3I,54,10,https://www.youtube.com/watch?v=m4yFmRNcX3I&start=54&end=64,"""Utrus Horas"" by Orchestra Baobab"
55,5,wqCpjFMvz-k,27,10,https://www.youtube.com/watch?v=wqCpjFMvz-k&start=27&end=37,"""7 Seconds"" by Youssou N'Dour"
55,6,wqCpjFMvz-k,57,11,https://www.youtube.com/watch?v=wqCpjFMvz-k&start=57&end=68,"""7 Seconds"" by Youssou N'Dour"
,,,,,,
56,1,MPWKtUSUhLo,0,10,https://www.youtube.com/watch?v=MPWKtUSUhLo&start=0&end=10,"""Wedding Night"""
56,2,oGhuLsg_NeE,10,10,https://www.youtube.com/watch?v=oGhuLsg_NeE&start=10&end=20,"""Down With Love"""
56,3,10fTpmvbRGk,270,10,https://www.youtube.com/watch?v=10fTpmvbRGk&start=270&end=280,"""Nyakuza Metro Cats"""
56,4,xhuxY2vdzlo,100,12,https://www.youtube.com/watch?v=xhuxY2vdzlo&start=100&end=112,"""Always Charmed"""
56,5,B2PP3ygWy3M,77,10,https://www.youtube.com/watch?v=B2PP3ygWy3M&start=77&end=87,"""Charmed Life"""
56,6,7Wg6x_6MaaQ,0,10,https://www.youtube.com/watch?v=7Wg6x_6MaaQ&start=0&end=10,"""Next to Me"""
,,,,,,
57,1,r0Sy4twXSn0,5,10,https://www.youtube.com/watch?v=r0Sy4twXSn0&start=5&end=15,"""The Bridge is Over"""
57,2,m9tmqTHaUis,0,10,https://www.youtube.com/watch?v=m9tmqTHaUis&start=0&end=10,"""My Philosophy"""
57,3,yHeBotnrwEI,70,10,https://www.youtube.com/watch?v=yHeBotnrwEI&start=70&end=80,"""Illegal Business"""
57,4,xnI8JEW7Ty4,85,10,https://www.youtube.com/watch?v=xnI8JEW7Ty4&start=85&end=95,"""MC's Act Like They Don't Know"""
57,5,3kuEkNHTqDQ,58,10,https://www.youtube.com/watch?v=3kuEkNHTqDQ&start=58&end=68,"""South Bronx"""
57,6,9ZrAYxWPN6c,70,12,https://www.youtube.com/watch?v=9ZrAYxWPN6c&start=70&end=82,"""Sound of the Police"""
,,,,,,
58,1,PQz0cAnJVN8,0,10,https://www.youtube.com/watch?v=PQz0cAnJVN8&start=0&end=10,"""Flyentology"" by El-P"
58,2,NY1XuzPocOQ,20,10,https://www.youtube.com/watch?v=NY1XuzPocOQ&start=20&end=30,"""I'm Afraid of Americans"" by David Bowie"
58,3,PxBGukgq2cM,224,10,https://www.youtube.com/watch?v=PxBGukgq2cM&start=224&end=234,"""Driver Down"" from Lost Highway"
58,4,R6ZLij3zxDQ,1,10,https://www.youtube.com/watch?v=R6ZLij3zxDQ&start=1&end=11,"""God Is a Gun"" by Halsey"
58,5,dEWIngn2_eM,33,10,https://www.youtube.com/watch?v=dEWIngn2_eM&start=33&end=43,"""It Catches Up With You"""
58,6,9SBNCYkSceU,21,10,https://www.youtube.com/watch?v=9SBNCYkSceU&start=21&end=31,"""Hand Covers Bruise"""
,,,,,,
59,1,JcenmgzRqno,0,10,https://www.youtube.com/watch?v=JcenmgzRqno&start=0&end=10,"""Wild Root"""
59,2,iAUhPzECK9w,0,10,https://www.youtube.com/watch?v=iAUhPzECK9w&start=0&end=10,"""Your Father's Mustache"
59,3,FrOVXUDPe6o,0,13,https://www.youtube.com/watch?v=FrOVXUDPe6o&start=0&end=13,"""Apple Honey"""
59,4,6QrU6mDwAuw,0,10,https://www.youtube.com/watch?v=6QrU6mDwAuw&start=0&end=10,"""Ebony Concerto"""
59,5,edm8uenCtrg,0,10,https://www.youtube.com/watch?v=edm8uenCtrg&start=0&end=10,"""Four Brothers"""
59,6,6PcvT15IJ3g,15,12,https://www.youtube.com/watch?v=6PcvT15IJ3g&start=15&end=27,"""Woodchopper's Ball"""
,,,,,,
60,1,0H_1goAVTQc,22,10,https://www.youtube.com/watch?v=0H_1goAVTQc&start=22&end=32,"""Bengawan Solo"" (Chan Yung Yung)"
60,2,fQkZynSZ100,2,12,https://www.youtube.com/watch?v=fQkZynSZ100&start=2&end=14,"""Age of Bloom""/Hua Yang De Nianhua (Zhou Xuan)"
60,3,648U82CsReg,6,10,https://www.youtube.com/watch?v=648U82CsReg&start=6&end=16,"""Yue Er Wan Zhao Jiu Zhou"" (Chiu Wai Ping)"
60,4,habWYM364RA,12,11,https://www.youtube.com/watch?v=habWYM364RA&start=12&end=23,"""Quizas quizas quizas"" (Nat King Cole)"
60,5,vBWCphAu8ik,11,10,https://www.youtube.com/watch?v=vBWCphAu8ik&start=11&end=21,"""Yumeji's Theme"""
60,6,fQkZynSZ100,26,12,https://www.youtube.com/watch?v=fQkZynSZ100&start=26&end=38,"""Age of Bloom""/Hua Yang De Nianhua (Zhou Xuan)"
,,,,,,
61,1,YpgtDXVbQJQ,0,10,https://www.youtube.com/watch?v=YpgtDXVbQJQ&start=0&end=10,"""Don't Pity Me"""
61,2,7BqPDnHaMjk,0,10,https://www.youtube.com/watch?v=7BqPDnHaMjk&start=0&end=10,"""Where or When"""
61,3,Ko3AptkPK2A,116,10,https://www.youtube.com/watch?v=Ko3AptkPK2A&start=116&end=126,"""Tell Me Why"""
61,4,igSj3hU6KkA,0,10,https://www.youtube.com/watch?v=igSj3hU6KkA&start=0&end=10,"""I Wonder Why"""
61,5,Ko3AptkPK2A,83,10,https://www.youtube.com/watch?v=Ko3AptkPK2A&start=83&end=93,"""Tell Me Why"""
61,6,1fgnEDi7bq0,123,13,https://www.youtube.com/watch?v=1fgnEDi7bq0&start=123&end=136,"""A Teenager in Love"""
,,,,,,
62,1,fEWkHAIQ3gs,54,10,https://www.youtube.com/watch?v=fEWkHAIQ3gs&start=54&end=64,"""I Heard Her Call My Name"""
62,2,uqAN9Ox2Stw,834,10,https://www.youtube.com/watch?v=uqAN9Ox2Stw&start=834&end=844,"""Sister Ray"""
62,3,Ds_LUEe23dM,0,10,https://www.youtube.com/watch?v=Ds_LUEe23dM&start=0&end=10,"""Here She Comes Now"""
62,4,AJy0LP8iYPg,130,10,https://www.youtube.com/watch?v=AJy0LP8iYPg&start=130&end=140,"""White Light/White Heat"""
62,5,_Gwth0jfdfc,28,10,https://www.youtube.com/watch?v=_Gwth0jfdfc&start=28&end=38,"""The Gift"""
62,6,AJy0LP8iYPg,101,10,https://www.youtube.com/watch?v=AJy0LP8iYPg&start=101&end=111,"""White Light/White Heat"""
,,,,,,
63,1,abqzxZy38cI,28,10,https://www.youtube.com/watch?v=abqzxZy38cI&start=28&end=38,"""Ready to Lose"""
63,2,A_bBZKiCJjM,48,10,https://www.youtube.com/watch?v=A_bBZKiCJjM&start=48&end=58,"""Full of Fire"""
63,3,V4sjTD3HEUg,47,10,https://www.youtube.com/watch?v=V4sjTD3HEUg&start=47&end=57,"""Like a Pen"""
63,4,P-D4zftqXjg,76,10,https://www.youtube.com/watch?v=P-D4zftqXjg&start=76&end=86,"""Marble House"""
63,5,jcU7gmU1-WQ,0,10,https://www.youtube.com/watch?v=jcU7gmU1-WQ&start=0&end=10,"""Heartbeats"""
63,6,4uI1KXHJVO8,163,13,https://www.youtube.com/watch?v=4uI1KXHJVO8&start=163&end=176,"""Silent Shout"""
,,,,,,
64,1,MMLyUp-fF0I,60,10,https://www.youtube.com/watch?v=MMLyUp-fF0I&start=60&end=70,"""Where Flamingos Fly"" by Gil Evans"
64,2,gFL0x2ur71E,0,10,https://www.youtube.com/watch?v=gFL0x2ur71E&start=0&end=10,"""One Mint Julep"" by Ray Charles"
64,3,I777BcgQL9o,0,10,https://www.youtube.com/watch?v=I777BcgQL9o&start=0&end=10,"""Stolen Moments"" by Oliver Nelson"
64,4,JiP7jKdAhD0,8,10,https://www.youtube.com/watch?v=JiP7jKdAhD0&start=8&end=18,"""In a Sentimental Mood"" by Duke Ellington & John Coltrane"
64,5,w0O9L7KXkC0,59,10,https://www.youtube.com/watch?v=w0O9L7KXkC0&start=59&end=69,"""Journey in Satchidananda"" by Alice Coltrane"
64,6,vMCHDC2Lurk,355,10,https://www.youtube.com/watch?v=vMCHDC2Lurk&start=355&end=365,"""A Love Supreme - Part I: Acknowledgement"""
,,,,,,
65,1,pANyhXRsp2g,0,10,https://www.youtube.com/watch?v=pANyhXRsp2g&start=0&end=10,"Music for Mallet Instruments, Voices and Organ"
65,2,g0WVh1D0N50,0,5,https://www.youtube.com/watch?v=g0WVh1D0N50&start=0&end=5,"""Come Out"""
65,3,vWN9I-qa9GQ,6,10,https://www.youtube.com/watch?v=vWN9I-qa9GQ&start=6&end=16,"""It's Gonna Rain"""
65,4,ajJYZKDhHfo,939,15,https://www.youtube.com/watch?v=ajJYZKDhHfo&start=939&end=954,"""Different Train"""
65,5,LReT8K11bac,0,10,https://www.youtube.com/watch?v=LReT8K11bac&start=0&end=10,"""Clapping Music"""
65,6,ILpCKQlDmhc,0,10,https://www.youtube.com/watch?v=ILpCKQlDmhc&start=0&end=10,"""Music For 18 Musicians - I"""
,,,,,,
66,1,Xm_roArwq1c,6,10,https://www.youtube.com/watch?v=Xm_roArwq1c&start=6&end=16,"""Could It Be I'm Falling in Love"""
66,2,TsIAd4IiKBo,5,10,https://www.youtube.com/watch?v=TsIAd4IiKBo&start=5&end=15,"""Ghetto Child"""
66,3,I_4xktFy4Dw,40,10,https://www.youtube.com/watch?v=I_4xktFy4Dw&start=40&end=50,"""Games People Play"""
66,4,kDFFHLrzTDM,9,10,https://www.youtube.com/watch?v=kDFFHLrzTDM&start=9&end=19,"""It's a Shame"""
66,5,XV_KkNhnitI,59,14,https://www.youtube.com/watch?v=XV_KkNhnitI&start=59&end=73,"""Working My Way Back to You"""
66,6,KSMVflSBKx8,105,10,https://www.youtube.com/watch?v=KSMVflSBKx8&start=105&end=115,"""The Rubberband Man"""
,,,,,,
67,1,Cj6-vUFuuCU,46,12,https://www.youtube.com/watch?v=Cj6-vUFuuCU&start=46&end=58,"""Everything You Touch is a Song"""
67,2,4WrPrIbnXIg,16,12,https://www.youtube.com/watch?v=4WrPrIbnXIg&start=16&end=28,"""The Question Is"""
67,3,Nrrky56Iyhw,10,10,https://www.youtube.com/watch?v=Nrrky56Iyhw&start=10&end=20,"""I Found Love (Cindy's Song)"""
67,4,iUJnSbz0koI,36,10,https://www.youtube.com/watch?v=iUJnSbz0koI&start=36&end=46,"""Jingle Bells"""
67,5,YUQQukbJr_s,125,12,https://www.youtube.com/watch?v=YUQQukbJr_s&start=125&end=137,"""Tomorrow"""
67,6,QDHPZFB7bRo,54,12,https://www.youtube.com/watch?v=QDHPZFB7bRo&start=54&end=66,"""Lost Without You"""
,,,,,,
68,1,dUacDPqeEpQ,58,12,https://www.youtube.com/watch?v=dUacDPqeEpQ&start=58&end=70,"""No Bleeding"" by The Wild Swans"
68,2,wdrLarbWEMY,25,10,https://www.youtube.com/watch?v=wdrLarbWEMY&start=25&end=35,"""The Revolutionary Spirit"" by The Wild Swans"
68,3,bmkcKjGyJv8,12,10,https://www.youtube.com/watch?v=bmkcKjGyJv8&start=12&end=22,"""Reward"" by The Teardrop Explodes"
68,4,LbYxP11rbSM,20,10,https://www.youtube.com/watch?v=LbYxP11rbSM&start=20&end=30,"""Seven Seas"" by Echo & The Bunnymen"
68,5,LWz0JC7afNQ,54,10,https://www.youtube.com/watch?v=LWz0JC7afNQ&start=54&end=64,"""The Killing Moon"" by Echo & The Bunnymen"
68,6,ItNsvINsm-4,0,10,https://www.youtube.com/watch?v=ItNsvINsm-4&start=0&end=10,"""Got My Mind Set On You"" by George Harrison"
,,,,,,
69,1,d3JrxcN4XdM,0,10,https://www.youtube.com/watch?v=d3JrxcN4XdM&start=0&end=10,"""Strange Dream"" by WITCH"
69,2,JjEnjX-4EDI,23,10,https://www.youtube.com/watch?v=JjEnjX-4EDI&start=23&end=33,"""Chifundo"" by WITCH"
69,3,CHNOOi3NKbg,0,10,https://www.youtube.com/watch?v=CHNOOi3NKbg&start=0&end=10,"""You Better Know"" by WITCH"
69,4,aZre3YdKfQk,0,10,https://www.youtube.com/watch?v=aZre3YdKfQk&start=0&end=10,"""Born Black"" by Chrissy Tembo"
69,5,2QxeDecgNWg,49,12,https://www.youtube.com/watch?v=2QxeDecgNWg&start=49&end=61,"""Khala My Friend"" by Amanaz"
69,6,9XP5t7OD4n4,55,12,https://www.youtube.com/watch?v=9XP5t7OD4n4&start=55&end=67,"""Hi Babe"" by Ngozi Family"
,,,,,,
70,1,LyaXUxMUcrw,40,10,https://www.youtube.com/watch?v=LyaXUxMUcrw&start=40&end=50,"""Just Got Paid"" by Johnny Kemp"
70,2,dyZdLtcw388,48,10,https://www.youtube.com/watch?v=dyZdLtcw388&start=48&end=58,"""Do What You Wanna Do"" by T-Connection"
70,3,W0-OKMmtq8s,30,10,https://www.youtube.com/watch?v=W0-OKMmtq8s&start=30&end=40,"""You Don't Know What's Going On"" by Exuma"
70,4,CJKPucU4Y_c,180,10,https://www.youtube.com/watch?v=CJKPucU4Y_c&start=180&end=190,"""Exuma, the Obeah Man"" by Exuma"
70,5,PGGprHqqMqk,34,10,https://www.youtube.com/watch?v=PGGprHqqMqk&start=34&end=44,"""Funky Nassau"" by The Beginning of the End"
70,6,ojULkWEUsPs,40,11,https://www.youtube.com/watch?v=ojULkWEUsPs&start=40&end=51,"""Who Let the Dogs Out?"" by Baha Men"